,Deciles,pred_limit,ln_cards_spent
0,5,751.6119552631433,6.64374287664016
1,4,528.5256534221743,6.299865039356728
2,3,430.9867203558618,6.113669557887049
3,2,361.48368973474487,5.957071138168082
4,1,314.0943922517213,5.78900198086901
5,0,259.32092935262824,5.626459710757909
